{"cameraMode":{"drawMode":0,"name":"Shaded","section":"Shading Mode"},"sceneLighting":false,"audioPlay":false,"sceneViewState":{"showFog":true,"showMaterialUpdate":false,"showSkybox":true,"showFlares":true,"showImageEffects":true,"showParticleSystems":true},"in2DMode":false,"pivot":{"x":2.1500000953674318,"y":-2.265000104904175,"z":-5.334000110626221},"rotation":{"x":-0.13200122117996217,"y":0.6894353032112122,"z":-0.12995217740535737,"w":-0.7002764344215393},"size":11.436095237731934,"orthographic":false}